<?xml version="1.0" encoding="utf-8" ?>
<dwsync>
<file name="Thumbs.db" server="phantomtranzit.com" local="132882429904172768" remote="131764572000000000" Dst="1" />
<file name="Last_stop.gif" server="phantomtranzit.com" local="132882429906135319" remote="132812214000000000" Dst="1" />
<file name="bottomback.gif" server="phantomtranzit.com" local="132882429907677471" remote="131764572000000000" Dst="1" />
<file name="bottomrightcorner.gif" server="phantomtranzit.com" local="132882429911709611" remote="131764572000000000" Dst="1" />
<file name="bottomleftcorner.gif" server="phantomtranzit.com" local="132882429914259700" remote="131764572000000000" Dst="1" />
<file name="leftback.gif" server="phantomtranzit.com" local="132882429915218612" remote="131764572000000000" Dst="1" />
<file name="phone.gif" server="phantomtranzit.com" local="132882429918452758" remote="132812209800000000" Dst="1" />
<file name="rightback.gif" server="phantomtranzit.com" local="132882429921858478" remote="131764572000000000" Dst="1" />
<file name="leftcornertop.gif" server="phantomtranzit.com" local="132882429922584162" remote="131764572000000000" Dst="1" />
<file name="rightcornertop.gif" server="phantomtranzit.com" local="132882429926037598" remote="131764572000000000" Dst="1" />
<file name="spacer.gif" server="phantomtranzit.com" local="132882429928859553" remote="131764572000000000" Dst="1" />
<file name="table.png" server="phantomtranzit.com" local="132882429930363336" remote="131764572000000000" Dst="1" />
<file name="tablebackground.gif" server="phantomtranzit.com" local="132882429933565916" remote="131764572000000000" Dst="1" />
<file name="tablebackground.htm" server="phantomtranzit.com" local="132882429936378647" remote="131764572000000000" Dst="1" />
<file name="topback.gif" server="phantomtranzit.com" local="132882429937963504" remote="131764572000000000" Dst="1" />
<file name="Billing_address.gif" server="C:/wamp64/www/" local="132269660978596003" remote="132269624970000000" Dst="2" />
<file name="bottomback.gif" server="C:/wamp64/www/" local="132882429907677471" remote="132882393900000000" Dst="2" />
<file name="bottomleftcorner.gif" server="C:/wamp64/www/" local="132882429914259700" remote="132882393910000000" Dst="2" />
<file name="bottomrightcorner.gif" server="C:/wamp64/www/" local="132882429911709611" remote="132882393910000000" Dst="2" />
<file name="Contact_name.gif" server="C:/wamp64/www/" local="132269634418996003" remote="132269598410000000" Dst="2" />
<file name="Email_address.gif" server="C:/wamp64/www/" local="132269634099286003" remote="132269598090000000" Dst="2" />
<file name="Event_date.gif" server="C:/wamp64/www/" local="132269662564746003" remote="132269626560000000" Dst="2" />
<file name="Event_Start_time.gif" server="C:/wamp64/www/" local="132269664181746003" remote="132269628180000000" Dst="2" />
<file name="How_did_you_hear.gif" server="C:/wamp64/www/" local="132269671149726003" remote="132269635140000000" Dst="2" />
<file name="Last_stop.gif" server="C:/wamp64/www/" local="132882429906135319" remote="132882393900000000" Dst="2" />
<file name="leftback.gif" server="C:/wamp64/www/" local="132882429915218612" remote="132882393910000000" Dst="2" />
<file name="leftcornertop.gif" server="C:/wamp64/www/" local="132882429922584162" remote="132882393920000000" Dst="2" />
<file name="List_stops.gif" server="C:/wamp64/www/" local="132270684403418152" remote="132270648400000000" Dst="2" />
<file name="Message.gif" server="C:/wamp64/www/" local="132269633114286003" remote="132269597110000000" Dst="2" />
<file name="phone.gif" server="C:/wamp64/www/" local="132882429918452758" remote="132882393910000000" Dst="2" />
<file name="Pickup_location.gif" server="C:/wamp64/www/" local="132270684804028152" remote="132270648800000000" Dst="2" />
<file name="rightback.gif" server="C:/wamp64/www/" local="132882429921858478" remote="132882393920000000" Dst="2" />
<file name="rightcornertop.gif" server="C:/wamp64/www/" local="132882429926037598" remote="132882393920000000" Dst="2" />
<file name="spacer.gif" server="C:/wamp64/www/" local="132882429928859553" remote="132882393920000000" Dst="2" />
<file name="table.png" server="C:/wamp64/www/" local="132882429930363336" remote="132882393930000000" Dst="2" />
<file name="tablebackground.gif" server="C:/wamp64/www/" local="132882429933565916" remote="132882393930000000" Dst="2" />
<file name="tablebackground.htm" server="C:/wamp64/www/" local="132882429936378647" remote="132882393930000000" Dst="2" />
<file name="Thumbs.db" server="C:/wamp64/www/" local="132882429904172768" remote="132882393900000000" Dst="2" />
<file name="topback.gif" server="C:/wamp64/www/" local="132882429937963504" remote="132882393930000000" Dst="2" />
<file name="Which Bus.png" server="C:/wamp64/www/" local="132573035456444924" remote="132572999450000000" Dst="2" />
<file name="Which_bus.gif" server="C:/wamp64/www/" local="132573035987115531" remote="132572999980000000" Dst="2" />
</dwsync>