<?xml version="1.0" encoding="utf-8" ?>
<dwsync>
<file name="20180623_104212.jpg" server="phantomtranzit.com" local="132882425912285709" remote="131764572000000000" Dst="1" />
<file name="20180622_201125.jpg" server="phantomtranzit.com" local="132882425954381436" remote="131764572000000000" Dst="1" />
<file name="20180623_104218.jpg" server="phantomtranzit.com" local="132882426280644879" remote="131764572000000000" Dst="1" />
<file name="20180623_104216.jpg" server="phantomtranzit.com" local="132882426476841791" remote="131764572000000000" Dst="1" />
<file name="20180623_170104.jpg" server="phantomtranzit.com" local="132882426659527603" remote="131764572000000000" Dst="1" />
<file name="20180623_170016.jpg" server="phantomtranzit.com" local="132882426714793975" remote="131764572000000000" Dst="1" />
<file name="audio-video.png" server="phantomtranzit.com" local="132882428277630796" remote="131764572000000000" Dst="1" />
<file name="Thumbs.db" server="phantomtranzit.com" local="132882428279538080" remote="131764572000000000" Dst="1" />
<file name="b2-1s.png" server="phantomtranzit.com" local="132882428285894288" remote="132713244000000000" Dst="1" />
<file name="b2-2l.png" server="phantomtranzit.com" local="132882428300887810" remote="132713244000000000" Dst="1" />
<file name="b2-2s.png" server="phantomtranzit.com" local="132882428306140904" remote="132713244000000000" Dst="1" />
<file name="b2-1l.png" server="phantomtranzit.com" local="132882428329103138" remote="132713244000000000" Dst="1" />
<file name="b2-3l.png" server="phantomtranzit.com" local="132882428333410501" remote="132713244000000000" Dst="1" />
<file name="b2-3s.png" server="phantomtranzit.com" local="132882428334281401" remote="132713244000000000" Dst="1" />
<file name="b2-4s.png" server="phantomtranzit.com" local="132882428341293218" remote="132713244000000000" Dst="1" />
<file name="b2_select.jpg" server="phantomtranzit.com" local="132882428345243901" remote="132714108000000000" Dst="1" />
<file name="b2-4l.png" server="phantomtranzit.com" local="132882428375207640" remote="132713244000000000" Dst="1" />
<file name="b3_select.jpg" server="phantomtranzit.com" local="132882428379827237" remote="132714108000000000" Dst="1" />
<file name="b3_select.png" server="phantomtranzit.com" local="132882428386893373" remote="132713244000000000" Dst="1" />
<file name="benefits.png" server="phantomtranzit.com" local="132882428391925564" remote="131764572000000000" Dst="1" />
<file name="bk2frL.jpg" server="phantomtranzit.com" local="132882428398607473" remote="132758604600000000" Dst="1" />
<file name="bk2frs.jpg" server="phantomtranzit.com" local="132882428402538503" remote="132758604600000000" Dst="1" />
<file name="IMAG0601.jpg" server="phantomtranzit.com" local="132882428411954440" remote="131764572000000000" Dst="1" />
<file name="bus_backroom_small.png" server="phantomtranzit.com" local="132882428418869582" remote="131764572000000000" Dst="1" />
<file name="b2_select.png" server="phantomtranzit.com" local="132882429059140959" remote="132713244000000000" Dst="1" />
<file name="bus_backroomtofront_small.png" server="phantomtranzit.com" local="132882429070254550" remote="131764572000000000" Dst="1" />
<file name="bus_backtofrontatnight.png" server="phantomtranzit.com" local="132882429725513438" remote="131764572000000000" Dst="1" />
<file name="bus_backtofrontatnight_small.png" server="phantomtranzit.com" local="132882429735451592" remote="131764572000000000" Dst="1" />
<file name="bus_backroomtofront_large.png" server="phantomtranzit.com" local="132882429831842698" remote="131764572000000000" Dst="1" />
<file name="bus_frontroom_small.png" server="phantomtranzit.com" local="132882429837939198" remote="131764572000000000" Dst="1" />
<file name="cost_savings_restrictions.png" server="phantomtranzit.com" local="132882429841657428" remote="132611292000000000" Dst="1" />
<file name="create_ad.png" server="phantomtranzit.com" local="132882429845652802" remote="132611292000000000" Dst="1" />
<file name="damage_concerns.png" server="phantomtranzit.com" local="132882429850250756" remote="132611292000000000" Dst="1" />
<file name="fr2bkL.jpg" server="phantomtranzit.com" local="132882429859222896" remote="132758604600000000" Dst="1" />
<file name="fr2bks.jpg" server="phantomtranzit.com" local="132882429863710178" remote="132758604600000000" Dst="1" />
<file name="how_it_works.png" server="phantomtranzit.com" local="132882429869144540" remote="132611292000000000" Dst="1" />
<file name="media.png" server="phantomtranzit.com" local="132882429874214380" remote="131764572000000000" Dst="1" />
<file name="bus_frontroom_large.jpg" server="phantomtranzit.com" local="132882429876554963" remote="131764572000000000" Dst="1" />
<file name="passcode1.png" server="phantomtranzit.com" local="132882429878780751" remote="131764572000000000" Dst="1" />
<file name="passcode2.png" server="phantomtranzit.com" local="132882429881389137" remote="131764572000000000" Dst="1" />
<file name="price.png" server="phantomtranzit.com" local="132882429883689091" remote="132714108000000000" Dst="1" />
<file name="project.mobirise" server="phantomtranzit.com" local="132882429886474101" remote="131764572000000000" Dst="1" />
<file name="quote.gif" server="phantomtranzit.com" local="132882429888801281" remote="132746995200000000" Dst="1" />
<file name="schedule_b2.png" server="phantomtranzit.com" local="132882429890916354" remote="132714108000000000" Dst="1" />
<file name="search_shared.png" server="phantomtranzit.com" local="132882429895633705" remote="132611292000000000" Dst="1" />
<file name="schedule_b3.png" server="phantomtranzit.com" local="132882429897940111" remote="132860646000000000" Dst="1" />
<file name="skip_tutorial.png" server="phantomtranzit.com" local="132882429900625816" remote="132611292000000000" Dst="1" />
<file name="wedding_shuttles.png" server="phantomtranzit.com" local="132882429942550068" remote="132611292000000000" Dst="1" />
<file name="bus_backroom_large.png" server="phantomtranzit.com" local="132882430066121609" remote="131764572000000000" Dst="1" />
<file name="IMAG0600.jpg" server="phantomtranzit.com" local="132882430843733905" remote="131764572000000000" Dst="1" />
<file name="IMAG0599.jpg" server="phantomtranzit.com" local="132882430883841451" remote="131764572000000000" Dst="1" />
<file name="IMAG0598.jpg" server="phantomtranzit.com" local="132882430999848857" remote="131764572000000000" Dst="1" />
<file name="AIMAG0597.png" server="phantomtranzit.com" local="132882431052947223" remote="131764572000000000" Dst="1" />
<file name="20180622_201125.jpg" server="C:/wamp64/www/" local="132882425954381436" remote="132882389950000000" Dst="2" />
<file name="20180623_104212.jpg" server="C:/wamp64/www/" local="132882425912285709" remote="132882389910000000" Dst="2" />
<file name="20180623_104216.jpg" server="C:/wamp64/www/" local="132882426476841791" remote="132882390470000000" Dst="2" />
<file name="20180623_104218.jpg" server="C:/wamp64/www/" local="132882426280644879" remote="132882390280000000" Dst="2" />
<file name="20180623_170016.jpg" server="C:/wamp64/www/" local="132882426714793975" remote="132882390710000000" Dst="2" />
<file name="20180623_170104.jpg" server="C:/wamp64/www/" local="132882426659527603" remote="132882390650000000" Dst="2" />
<file name="20180623_170119.jpg" server="C:/wamp64/www/" local="132882427075170592" remote="132882391070000000" Dst="2" />
<file name="20180623_170136.jpg" server="C:/wamp64/www/" local="132882427161866113" remote="132882391160000000" Dst="2" />
<file name="add_new_event.png" server="C:/wamp64/www/" local="132882428263741257" remote="132882392260000000" Dst="2" />
<file name="AIMAG0594.jpg" server="C:/wamp64/www/" local="132882427415475066" remote="132882391410000000" Dst="2" />
<file name="AIMAG0594.png" server="C:/wamp64/www/" local="132882427532465696" remote="132882391530000000" Dst="2" />
<file name="AIMAG0594_small.png" server="C:/wamp64/www/" local="132882427168587704" remote="132882391160000000" Dst="2" />
<file name="AIMAG0595.png" server="C:/wamp64/www/" local="132882427652284766" remote="132882391650000000" Dst="2" />
<file name="AIMAG0595_small.png" server="C:/wamp64/www/" local="132882427421543673" remote="132882391420000000" Dst="2" />
<file name="AIMAG0596.png" server="C:/wamp64/www/" local="132882427786186803" remote="132882391780000000" Dst="2" />
<file name="AIMAG0596_small.png" server="C:/wamp64/www/" local="132882427539574568" remote="132882391530000000" Dst="2" />
<file name="AIMAG0597.png" server="C:/wamp64/www/" local="132882431052947223" remote="132882395050000000" Dst="2" />
<file name="audio-video.png" server="C:/wamp64/www/" local="132882428277630796" remote="132882392270000000" Dst="2" />
<file name="b2-1l.png" server="C:/wamp64/www/" local="132882428329103138" remote="132882392320000000" Dst="2" />
<file name="b2-1s.png" server="C:/wamp64/www/" local="132882428285894288" remote="132882392280000000" Dst="2" />
<file name="b2-2l.png" server="C:/wamp64/www/" local="132882428300887810" remote="132882392300000000" Dst="2" />
<file name="b2-2s.png" server="C:/wamp64/www/" local="132882428306140904" remote="132882392300000000" Dst="2" />
<file name="b2-3l.png" server="C:/wamp64/www/" local="132882428333410501" remote="132882392330000000" Dst="2" />
<file name="b2-3s.png" server="C:/wamp64/www/" local="132882428334281401" remote="132882392330000000" Dst="2" />
<file name="b2-4l.png" server="C:/wamp64/www/" local="132882428375207640" remote="132882392370000000" Dst="2" />
<file name="b2-4s.png" server="C:/wamp64/www/" local="132882428341293218" remote="132882392340000000" Dst="2" />
<file name="b2_select.jpg" server="C:/wamp64/www/" local="132882428345243901" remote="132882392340000000" Dst="2" />
<file name="b2_select.png" server="C:/wamp64/www/" local="132882429059140959" remote="132882393050000000" Dst="2" />
<file name="b3_select.jpg" server="C:/wamp64/www/" local="132882428379827237" remote="132882392370000000" Dst="2" />
<file name="b3_select.png" server="C:/wamp64/www/" local="132882428386893373" remote="132882392380000000" Dst="2" />
<file name="benefits.png" server="C:/wamp64/www/" local="132882428391925564" remote="132882392390000000" Dst="2" />
<file name="bk2frL.jpg" server="C:/wamp64/www/" local="132882428398607473" remote="132882392390000000" Dst="2" />
<file name="bk2frs.jpg" server="C:/wamp64/www/" local="132882428402538503" remote="132882392400000000" Dst="2" />
<file name="bus_backroom_large.png" server="C:/wamp64/www/" local="132882430066121609" remote="132882394060000000" Dst="2" />
<file name="bus_backroom_small.png" server="C:/wamp64/www/" local="132882428418869582" remote="132882392410000000" Dst="2" />
<file name="bus_backroomtofront_large.png" server="C:/wamp64/www/" local="132882429831842698" remote="132882393830000000" Dst="2" />
<file name="bus_backroomtofront_small.png" server="C:/wamp64/www/" local="132882429070254550" remote="132882393070000000" Dst="2" />
<file name="bus_backtofrontatnight.png" server="C:/wamp64/www/" local="132882429725513438" remote="132882393720000000" Dst="2" />
<file name="bus_backtofrontatnight_small.png" server="C:/wamp64/www/" local="132882429735451592" remote="132882393730000000" Dst="2" />
<file name="bus_frontroom_large.jpg" server="C:/wamp64/www/" local="132882429876554963" remote="132882393870000000" Dst="2" />
<file name="bus_frontroom_small.png" server="C:/wamp64/www/" local="132882429837939198" remote="132882393830000000" Dst="2" />
<file name="cost_savings_restrictions.png" server="C:/wamp64/www/" local="132882429841657428" remote="132882393840000000" Dst="2" />
<file name="create_ad.png" server="C:/wamp64/www/" local="132882429845652802" remote="132882393840000000" Dst="2" />
<file name="Create_event.png" server="C:/wamp64/www/" local="132882427657402152" remote="132882391650000000" Dst="2" />
<file name="damage_concerns.png" server="C:/wamp64/www/" local="132882429850250756" remote="132882393850000000" Dst="2" />
<file name="Find_date.png" server="C:/wamp64/www/" local="132882427662745153" remote="132882391660000000" Dst="2" />
<file name="fr2bkL.jpg" server="C:/wamp64/www/" local="132882429859222896" remote="132882393850000000" Dst="2" />
<file name="fr2bks.jpg" server="C:/wamp64/www/" local="132882429863710178" remote="132882393860000000" Dst="2" />
<file name="how_it_works.png" server="C:/wamp64/www/" local="132882429869144540" remote="132882393860000000" Dst="2" />
<file name="IMAG0594.jpg" server="C:/wamp64/www/" local="132882427844520970" remote="132882391840000000" Dst="2" />
<file name="IMAG0595.jpg" server="C:/wamp64/www/" local="132882427855301793" remote="132882391850000000" Dst="2" />
<file name="IMAG0596.jpg" server="C:/wamp64/www/" local="132882428088245199" remote="132882392080000000" Dst="2" />
<file name="IMAG0597.jpg" server="C:/wamp64/www/" local="132882428058571683" remote="132882392050000000" Dst="2" />
<file name="IMAG0598.jpg" server="C:/wamp64/www/" local="132882430999848857" remote="132882394990000000" Dst="2" />
<file name="IMAG0599.jpg" server="C:/wamp64/www/" local="132882430883841451" remote="132882394880000000" Dst="2" />
<file name="IMAG0600.jpg" server="C:/wamp64/www/" local="132882430843733905" remote="132882394840000000" Dst="2" />
<file name="IMAG0601.jpg" server="C:/wamp64/www/" local="132882428411954440" remote="132882392410000000" Dst="2" />
<file name="logo_small.png" server="C:/wamp64/www/" local="132573076503969690" remote="132573040500000000" Dst="2" />
<file name="media.png" server="C:/wamp64/www/" local="132882429874214380" remote="132882393870000000" Dst="2" />
<file name="passcode1.png" server="C:/wamp64/www/" local="132882429878780751" remote="132882393870000000" Dst="2" />
<file name="passcode2.png" server="C:/wamp64/www/" local="132882429881389137" remote="132882393880000000" Dst="2" />
<file name="Phantom Tranzit Logo facebook.png" server="C:/wamp64/www/" local="132882428253974299" remote="132882392250000000" Dst="2" />
<file name="Phantom_Tranzit.jpg" server="C:/wamp64/www/" local="132882428252533718" remote="132882392250000000" Dst="2" />
<file name="price.png" server="C:/wamp64/www/" local="132882429883689091" remote="132882393880000000" Dst="2" />
<file name="project.mobirise" server="C:/wamp64/www/" local="132882429886474101" remote="132882393880000000" Dst="2" />
<file name="quote.gif" server="C:/wamp64/www/" local="132882429888801281" remote="132882393880000000" Dst="2" />
<file name="schedule_b2.png" server="C:/wamp64/www/" local="132882429890916354" remote="132882393890000000" Dst="2" />
<file name="schedule_b3.png" server="C:/wamp64/www/" local="132882429897940111" remote="132882393890000000" Dst="2" />
<file name="search_shared.png" server="C:/wamp64/www/" local="132882429895633705" remote="132882393890000000" Dst="2" />
<file name="skip_tutorial.png" server="C:/wamp64/www/" local="132882429900625816" remote="132882393900000000" Dst="2" />
<file name="Thumbs.db" server="C:/wamp64/www/" local="132882428279538080" remote="132882392270000000" Dst="2" />
<file name="wedding_shuttles.png" server="C:/wamp64/www/" local="132882429942550068" remote="132882393940000000" Dst="2" />
<file name="logo.jpg" server="C:/wamp64/www/" local="131782057064166001" remote="131782057060000000" Dst="2" />
<file name="logo.png" server="C:/wamp64/www/" local="131781678804812001" remote="131781678800000000" Dst="2" />
<file name="thumb.jpg" server="C:/wamp64/www/" local="131746691439079002" remote="131746691430000000" Dst="2" />
<file name="thumb.png" server="C:/wamp64/www/" local="131746686595859002" remote="131746686590000000" Dst="2" />
</dwsync>